{"xpVersion":"7.10.0","timestamp":"2022-07-18T21:03:55.308981Z","result":{"system.auditlog":{"versions":57,"branchResults":{"master":{"successful":57,"errors":[]}},"versionsErrors":[]},"com.enonic.cms.default":{"versions":4,"branchResults":{"draft":{"successful":4,"errors":[]},"master":{"successful":3,"errors":[]}},"versionsErrors":[]},"com.enonic.cms.hmdb":{"versions":181,"branchResults":{"draft":{"successful":80,"errors":[]},"master":{"successful":79,"errors":[]}},"versionsErrors":[]},"system.scheduler":{"versions":3,"branchResults":{"master":{"successful":3,"errors":[]}},"versionsErrors":[]},"system-repo":{"versions":41,"branchResults":{"master":{"successful":32,"errors":[]}},"versionsErrors":[]}},"modelVersion":"8"}