{"xpVersion":"7.10.0","timestamp":"2022-07-29T21:07:56.183273Z","result":{"system.auditlog":{"versions":136,"branchResults":{"master":{"successful":136,"errors":[]}},"versionsErrors":[]},"com.enonic.cms.default":{"versions":4,"branchResults":{"draft":{"successful":4,"errors":[]},"master":{"successful":3,"errors":[]}},"versionsErrors":[]},"com.enonic.cms.hmdb":{"versions":102,"branchResults":{"draft":{"successful":22,"errors":[]},"master":{"successful":21,"errors":[]}},"versionsErrors":[]},"system.scheduler":{"versions":3,"branchResults":{"master":{"successful":3,"errors":[]}},"versionsErrors":[]},"system-repo":{"versions":41,"branchResults":{"master":{"successful":32,"errors":[]}},"versionsErrors":[]}},"modelVersion":"8"}